php/usa-census-alabama.php,Alabama
php/usa-census-alaska.php,Alaska
php/usa-census-arizona.php,Arizona
php/usa-census-arkansas.php,Arkansas
php/usa-census-california.php,California
php/usa-census-colorado.php,Colorado
php/usa-census-connecticut.php,Connecticut
php/usa-census-delaware.php,Delaware
php/usa-census-districtofcolumbia.php,District of Columbia
php/usa-census-florida.php,Florida
php/usa-census-georgia.php,Georgia
php/usa-census-hawaii.php,Hawaii
php/usa-census-idaho.php,Idaho
php/usa-census-illinois.php,Illinois
php/usa-census-indiana.php,Indiana
php/usa-census-iowa.php,Iowa
php/usa-census-kansas.php,Kansas
php/usa-census-kentucky.php,Kentucky
php/usa-census-louisiana.php,Louisiana
php/usa-census-maine.php,Maine
php/usa-census-maryland.php,Maryland
php/usa-census-massachusetts.php,Massachusetts
php/usa-census-michigan.php,Michigan
php/usa-census-minnesota.php,Minnesota
php/usa-census-mississippi.php,Mississippi
php/usa-census-missouri.php,Missouri
php/usa-census-montana.php,Montana
php/usa-census-nebraska.php,Nebraska
php/usa-census-nevada.php,Nevada
php/usa-census-newhampshire.php,New Hampshire
php/usa-census-newjersey.php,New Jersey
php/usa-census-newmexico.php,New Mexico
php/usa-census-newyork.php,New York
php/usa-census-northcarolina.php,North Carolina
php/usa-census-northdakota.php,North Dakota
php/usa-census-ohio.php,Ohio
php/usa-census-oklahoma.php,Oklahoma
php/usa-census-oregon.php,Oregon
php/usa-census-pennsylvania.php,Pennsylvania
php/usa-census-rhodeisland.php,Rhode Island
php/usa-census-southcarolina.php,South Carolina
php/usa-census-southdakota.php,South Dakota
php/usa-census-tennessee.php,Tennessee
php/usa-census-texas.php,Texas
php/usa-census-utah.php,Utah
php/usa-census-vermont.php,Vermont
php/usa-census-virginia.php,Virginia
php/usa-census-washington.php,Washington
php/usa-census-westvirginia.php,West Virginia
php/usa-census-wisconsin.php,Wisconsin
php/usa-census-wyoming.php,Wyoming
